image/PIA00001.tif_1121_1929_26_26.jpg,https://www.google.co.jp/searchbyimage?image_url=http://marproject.org/image/PIA00001.tif_1121_1929_26_26.jpg
image/PIA00001.tif_1165_6262_34_34.jpg,https://www.google.co.jp/searchbyimage?image_url=http://marproject.org/image/PIA00001.tif_1165_6262_34_34.jpg
image/PIA00001.tif_1185_2664_29_29.jpg,https://www.google.co.jp/searchbyimage?image_url=http://marproject.org/image/PIA00001.tif_1185_2664_29_29.jpg
image/PIA00001.tif_1272_2800_36_36.jpg,https://www.google.co.jp/searchbyimage?image_url=http://marproject.org/image/PIA00001.tif_1272_2800_36_36.jpg
image/PIA00001.tif_1441_3005_30_30.jpg,https://www.google.co.jp/searchbyimage?image_url=http://marproject.org/image/PIA00001.tif_1441_3005_30_30.jpg
image/PIA00001.tif_1448_6080_46_46.jpg,https://www.google.co.jp/searchbyimage?image_url=http://marproject.org/image/PIA00001.tif_1448_6080_46_46.jpg
image/PIA00001.tif_1593_6625_77_77.jpg,https://www.google.co.jp/searchbyimage?image_url=http://marproject.org/image/PIA00001.tif_1593_6625_77_77.jpg
image/PIA00001.tif_1720_1562_27_27.jpg,https://www.google.co.jp/searchbyimage?image_url=http://marproject.org/image/PIA00001.tif_1720_1562_27_27.jpg
image/PIA00001.tif_1996_2912_36_36.jpg,https://www.google.co.jp/searchbyimage?image_url=http://marproject.org/image/PIA00001.tif_1996_2912_36_36.jpg
image/PIA00001.tif_2010_941_64_64.jpg,https://www.google.co.jp/searchbyimage?image_url=http://marproject.org/image/PIA00001.tif_2010_941_64_64.jpg
image/PIA00001.tif_2042_1887_162_162.jpg,https://www.google.co.jp/searchbyimage?image_url=http://marproject.org/image/PIA00001.tif_2042_1887_162_162.jpg
image/PIA00001.tif_2044_1202_64_64.jpg,https://www.google.co.jp/searchbyimage?image_url=http://marproject.org/image/PIA00001.tif_2044_1202_64_64.jpg
image/PIA00001.tif_2055_1163_32_32.jpg,https://www.google.co.jp/searchbyimage?image_url=http://marproject.org/image/PIA00001.tif_2055_1163_32_32.jpg
image/PIA00001.tif_2088_3993_32_32.jpg,https://www.google.co.jp/searchbyimage?image_url=http://marproject.org/image/PIA00001.tif_2088_3993_32_32.jpg
image/PIA00001.tif_2300_1512_26_26.jpg,https://www.google.co.jp/searchbyimage?image_url=http://marproject.org/image/PIA00001.tif_2300_1512_26_26.jpg
image/PIA00001.tif_2383_2323_32_32.jpg,https://www.google.co.jp/searchbyimage?image_url=http://marproject.org/image/PIA00001.tif_2383_2323_32_32.jpg
image/PIA00001.tif_2413_6820_57_57.jpg,https://www.google.co.jp/searchbyimage?image_url=http://marproject.org/image/PIA00001.tif_2413_6820_57_57.jpg
image/PIA00001.tif_2482_7010_32_32.jpg,https://www.google.co.jp/searchbyimage?image_url=http://marproject.org/image/PIA00001.tif_2482_7010_32_32.jpg
image/PIA00001.tif_2543_1392_57_57.jpg,https://www.google.co.jp/searchbyimage?image_url=http://marproject.org/image/PIA00001.tif_2543_1392_57_57.jpg
image/PIA00001.tif_2574_5018_29_29.jpg,https://www.google.co.jp/searchbyimage?image_url=http://marproject.org/image/PIA00001.tif_2574_5018_29_29.jpg
image/PIA00001.tif_2579_7335_29_29.jpg,https://www.google.co.jp/searchbyimage?image_url=http://marproject.org/image/PIA00001.tif_2579_7335_29_29.jpg
image/PIA00001.tif_2581_4849_29_29.jpg,https://www.google.co.jp/searchbyimage?image_url=http://marproject.org/image/PIA00001.tif_2581_4849_29_29.jpg
image/PIA00001.tif_2586_6690_41_41.jpg,https://www.google.co.jp/searchbyimage?image_url=http://marproject.org/image/PIA00001.tif_2586_6690_41_41.jpg
image/PIA00001.tif_2636_6682_26_26.jpg,https://www.google.co.jp/searchbyimage?image_url=http://marproject.org/image/PIA00001.tif_2636_6682_26_26.jpg
image/PIA00001.tif_2637_4784_32_32.jpg,https://www.google.co.jp/searchbyimage?image_url=http://marproject.org/image/PIA00001.tif_2637_4784_32_32.jpg
image/PIA00001.tif_2658_6889_41_41.jpg,https://www.google.co.jp/searchbyimage?image_url=http://marproject.org/image/PIA00001.tif_2658_6889_41_41.jpg
image/PIA00001.tif_2673_4222_34_34.jpg,https://www.google.co.jp/searchbyimage?image_url=http://marproject.org/image/PIA00001.tif_2673_4222_34_34.jpg
image/PIA00001.tif_2723_1153_27_27.jpg,https://www.google.co.jp/searchbyimage?image_url=http://marproject.org/image/PIA00001.tif_2723_1153_27_27.jpg
image/PIA00001.tif_2756_1985_25_25.jpg,https://www.google.co.jp/searchbyimage?image_url=http://marproject.org/image/PIA00001.tif_2756_1985_25_25.jpg
image/PIA00001.tif_2845_6674_36_36.jpg,https://www.google.co.jp/searchbyimage?image_url=http://marproject.org/image/PIA00001.tif_2845_6674_36_36.jpg
image/PIA00001.tif_2882_4389_46_46.jpg,https://www.google.co.jp/searchbyimage?image_url=http://marproject.org/image/PIA00001.tif_2882_4389_46_46.jpg
image/PIA00001.tif_3053_1791_32_32.jpg,https://www.google.co.jp/searchbyimage?image_url=http://marproject.org/image/PIA00001.tif_3053_1791_32_32.jpg
image/PIA00001.tif_3071_4322_63_63.jpg,https://www.google.co.jp/searchbyimage?image_url=http://marproject.org/image/PIA00001.tif_3071_4322_63_63.jpg
image/PIA00001.tif_3088_982_49_49.jpg,https://www.google.co.jp/searchbyimage?image_url=http://marproject.org/image/PIA00001.tif_3088_982_49_49.jpg
image/PIA00001.tif_3103_3056_45_45.jpg,https://www.google.co.jp/searchbyimage?image_url=http://marproject.org/image/PIA00001.tif_3103_3056_45_45.jpg
image/PIA00001.tif_3132_2427_63_63.jpg,https://www.google.co.jp/searchbyimage?image_url=http://marproject.org/image/PIA00001.tif_3132_2427_63_63.jpg
image/PIA00001.tif_3162_375_31_31.jpg,https://www.google.co.jp/searchbyimage?image_url=http://marproject.org/image/PIA00001.tif_3162_375_31_31.jpg
image/PIA00001.tif_3172_6879_30_30.jpg,https://www.google.co.jp/searchbyimage?image_url=http://marproject.org/image/PIA00001.tif_3172_6879_30_30.jpg
image/PIA00001.tif_3190_6787_41_41.jpg,https://www.google.co.jp/searchbyimage?image_url=http://marproject.org/image/PIA00001.tif_3190_6787_41_41.jpg
image/PIA00001.tif_3295_6788_37_37.jpg,https://www.google.co.jp/searchbyimage?image_url=http://marproject.org/image/PIA00001.tif_3295_6788_37_37.jpg
image/PIA00001.tif_3356_6114_68_68.jpg,https://www.google.co.jp/searchbyimage?image_url=http://marproject.org/image/PIA00001.tif_3356_6114_68_68.jpg
image/PIA00001.tif_3380_1054_26_26.jpg,https://www.google.co.jp/searchbyimage?image_url=http://marproject.org/image/PIA00001.tif_3380_1054_26_26.jpg
image/PIA00001.tif_3464_1585_32_32.jpg,https://www.google.co.jp/searchbyimage?image_url=http://marproject.org/image/PIA00001.tif_3464_1585_32_32.jpg
image/PIA00001.tif_3471_1258_274_274.jpg,https://www.google.co.jp/searchbyimage?image_url=http://marproject.org/image/PIA00001.tif_3471_1258_274_274.jpg
image/PIA00001.tif_3492_2476_26_26.jpg,https://www.google.co.jp/searchbyimage?image_url=http://marproject.org/image/PIA00001.tif_3492_2476_26_26.jpg
image/PIA00001.tif_3506_6843_29_29.jpg,https://www.google.co.jp/searchbyimage?image_url=http://marproject.org/image/PIA00001.tif_3506_6843_29_29.jpg
image/PIA00001.tif_3644_2038_26_26.jpg,https://www.google.co.jp/searchbyimage?image_url=http://marproject.org/image/PIA00001.tif_3644_2038_26_26.jpg
image/PIA00001.tif_3789_1565_32_32.jpg,https://www.google.co.jp/searchbyimage?image_url=http://marproject.org/image/PIA00001.tif_3789_1565_32_32.jpg
image/PIA00001.tif_3952_1061_37_37.jpg,https://www.google.co.jp/searchbyimage?image_url=http://marproject.org/image/PIA00001.tif_3952_1061_37_37.jpg
image/PIA00001.tif_3967_6385_39_39.jpg,https://www.google.co.jp/searchbyimage?image_url=http://marproject.org/image/PIA00001.tif_3967_6385_39_39.jpg
image/PIA00001.tif_4001_5829_49_49.jpg,https://www.google.co.jp/searchbyimage?image_url=http://marproject.org/image/PIA00001.tif_4001_5829_49_49.jpg
image/PIA00001.tif_4141_1229_46_46.jpg,https://www.google.co.jp/searchbyimage?image_url=http://marproject.org/image/PIA00001.tif_4141_1229_46_46.jpg
image/PIA00001.tif_4185_1372_31_31.jpg,https://www.google.co.jp/searchbyimage?image_url=http://marproject.org/image/PIA00001.tif_4185_1372_31_31.jpg
image/PIA00001.tif_4203_7261_68_68.jpg,https://www.google.co.jp/searchbyimage?image_url=http://marproject.org/image/PIA00001.tif_4203_7261_68_68.jpg
image/PIA00001.tif_4263_2320_32_32.jpg,https://www.google.co.jp/searchbyimage?image_url=http://marproject.org/image/PIA00001.tif_4263_2320_32_32.jpg
image/PIA00001.tif_4338_4923_162_162.jpg,https://www.google.co.jp/searchbyimage?image_url=http://marproject.org/image/PIA00001.tif_4338_4923_162_162.jpg
image/PIA00001.tif_4510_1073_41_41.jpg,https://www.google.co.jp/searchbyimage?image_url=http://marproject.org/image/PIA00001.tif_4510_1073_41_41.jpg
image/PIA00001.tif_4528_1825_29_29.jpg,https://www.google.co.jp/searchbyimage?image_url=http://marproject.org/image/PIA00001.tif_4528_1825_29_29.jpg
image/PIA00001.tif_4611_4039_27_27.jpg,https://www.google.co.jp/searchbyimage?image_url=http://marproject.org/image/PIA00001.tif_4611_4039_27_27.jpg
image/PIA00001.tif_5155_2440_36_36.jpg,https://www.google.co.jp/searchbyimage?image_url=http://marproject.org/image/PIA00001.tif_5155_2440_36_36.jpg
image/PIA00001.tif_5167_6211_63_63.jpg,https://www.google.co.jp/searchbyimage?image_url=http://marproject.org/image/PIA00001.tif_5167_6211_63_63.jpg
image/PIA00001.tif_5305_2225_57_57.jpg,https://www.google.co.jp/searchbyimage?image_url=http://marproject.org/image/PIA00001.tif_5305_2225_57_57.jpg
image/PIA00001.tif_5331_2109_26_26.jpg,https://www.google.co.jp/searchbyimage?image_url=http://marproject.org/image/PIA00001.tif_5331_2109_26_26.jpg
image/PIA00001.tif_5396_2208_26_26.jpg,https://www.google.co.jp/searchbyimage?image_url=http://marproject.org/image/PIA00001.tif_5396_2208_26_26.jpg
image/PIA00001.tif_5402_1052_26_26.jpg,https://www.google.co.jp/searchbyimage?image_url=http://marproject.org/image/PIA00001.tif_5402_1052_26_26.jpg
image/PIA00001.tif_5432_2250_32_32.jpg,https://www.google.co.jp/searchbyimage?image_url=http://marproject.org/image/PIA00001.tif_5432_2250_32_32.jpg
image/PIA00001.tif_5492_5967_40_40.jpg,https://www.google.co.jp/searchbyimage?image_url=http://marproject.org/image/PIA00001.tif_5492_5967_40_40.jpg
image/PIA00001.tif_5636_2419_25_25.jpg,https://www.google.co.jp/searchbyimage?image_url=http://marproject.org/image/PIA00001.tif_5636_2419_25_25.jpg
image/PIA00001.tif_5651_2495_129_129.jpg,https://www.google.co.jp/searchbyimage?image_url=http://marproject.org/image/PIA00001.tif_5651_2495_129_129.jpg
image/PIA00001.tif_5775_7158_35_35.jpg,https://www.google.co.jp/searchbyimage?image_url=http://marproject.org/image/PIA00001.tif_5775_7158_35_35.jpg
image/PIA00001.tif_5795_2175_36_36.jpg,https://www.google.co.jp/searchbyimage?image_url=http://marproject.org/image/PIA00001.tif_5795_2175_36_36.jpg
image/PIA00001.tif_6004_6314_32_32.jpg,https://www.google.co.jp/searchbyimage?image_url=http://marproject.org/image/PIA00001.tif_6004_6314_32_32.jpg
image/PIA00001.tif_6029_4713_57_57.jpg,https://www.google.co.jp/searchbyimage?image_url=http://marproject.org/image/PIA00001.tif_6029_4713_57_57.jpg
image/PIA00001.tif_6112_4688_33_33.jpg,https://www.google.co.jp/searchbyimage?image_url=http://marproject.org/image/PIA00001.tif_6112_4688_33_33.jpg
image/PIA00001.tif_6155_5140_26_26.jpg,https://www.google.co.jp/searchbyimage?image_url=http://marproject.org/image/PIA00001.tif_6155_5140_26_26.jpg
image/PIA00001.tif_6240_5703_29_29.jpg,https://www.google.co.jp/searchbyimage?image_url=http://marproject.org/image/PIA00001.tif_6240_5703_29_29.jpg
image/PIA00001.tif_6311_5149_27_27.jpg,https://www.google.co.jp/searchbyimage?image_url=http://marproject.org/image/PIA00001.tif_6311_5149_27_27.jpg
image/PIA00001.tif_6435_5254_25_25.jpg,https://www.google.co.jp/searchbyimage?image_url=http://marproject.org/image/PIA00001.tif_6435_5254_25_25.jpg
image/PIA00001.tif_643_5146_25_25.jpg,https://www.google.co.jp/searchbyimage?image_url=http://marproject.org/image/PIA00001.tif_643_5146_25_25.jpg
image/PIA00001.tif_6515_1439_102_102.jpg,https://www.google.co.jp/searchbyimage?image_url=http://marproject.org/image/PIA00001.tif_6515_1439_102_102.jpg
image/PIA00001.tif_6575_5858_64_64.jpg,https://www.google.co.jp/searchbyimage?image_url=http://marproject.org/image/PIA00001.tif_6575_5858_64_64.jpg
image/PIA00001.tif_6671_1998_29_29.jpg,https://www.google.co.jp/searchbyimage?image_url=http://marproject.org/image/PIA00001.tif_6671_1998_29_29.jpg
image/PIA00001.tif_6711_2593_29_29.jpg,https://www.google.co.jp/searchbyimage?image_url=http://marproject.org/image/PIA00001.tif_6711_2593_29_29.jpg
image/PIA00001.tif_7069_5893_36_36.jpg,https://www.google.co.jp/searchbyimage?image_url=http://marproject.org/image/PIA00001.tif_7069_5893_36_36.jpg
image/PIA00001.tif_7132_4196_41_41.jpg,https://www.google.co.jp/searchbyimage?image_url=http://marproject.org/image/PIA00001.tif_7132_4196_41_41.jpg
image/PIA00001.tif_7145_4734_29_29.jpg,https://www.google.co.jp/searchbyimage?image_url=http://marproject.org/image/PIA00001.tif_7145_4734_29_29.jpg
image/PIA00001.tif_7475_3582_34_34.jpg,https://www.google.co.jp/searchbyimage?image_url=http://marproject.org/image/PIA00001.tif_7475_3582_34_34.jpg
image/PIA00001.tif_795_4870_27_27.jpg,https://www.google.co.jp/searchbyimage?image_url=http://marproject.org/image/PIA00001.tif_795_4870_27_27.jpg
image/PIA00001.tif_831_5477_32_32.jpg,https://www.google.co.jp/searchbyimage?image_url=http://marproject.org/image/PIA00001.tif_831_5477_32_32.jpg
image/PIA00001.tif_868_4540_47_47.jpg,https://www.google.co.jp/searchbyimage?image_url=http://marproject.org/image/PIA00001.tif_868_4540_47_47.jpg
image/PIA00001.tif_994_3647_29_29.jpg,https://www.google.co.jp/searchbyimage?image_url=http://marproject.org/image/PIA00001.tif_994_3647_29_29.jpg
image/PIA00002.tif_1750_6489_26_26.jpg,https://www.google.co.jp/searchbyimage?image_url=http://marproject.org/image/PIA00002.tif_1750_6489_26_26.jpg
image/PIA00002.tif_1801_5532_36_36.jpg,https://www.google.co.jp/searchbyimage?image_url=http://marproject.org/image/PIA00002.tif_1801_5532_36_36.jpg
image/PIA00002.tif_2057_1535_41_41.jpg,https://www.google.co.jp/searchbyimage?image_url=http://marproject.org/image/PIA00002.tif_2057_1535_41_41.jpg
image/PIA00002.tif_2120_5299_26_26.jpg,https://www.google.co.jp/searchbyimage?image_url=http://marproject.org/image/PIA00002.tif_2120_5299_26_26.jpg
image/PIA00002.tif_2217_5191_26_26.jpg,https://www.google.co.jp/searchbyimage?image_url=http://marproject.org/image/PIA00002.tif_2217_5191_26_26.jpg
image/PIA00002.tif_2220_5637_37_37.jpg,https://www.google.co.jp/searchbyimage?image_url=http://marproject.org/image/PIA00002.tif_2220_5637_37_37.jpg
image/PIA00002.tif_2289_4307_29_29.jpg,https://www.google.co.jp/searchbyimage?image_url=http://marproject.org/image/PIA00002.tif_2289_4307_29_29.jpg
image/PIA00002.tif_2333_1738_46_46.jpg,https://www.google.co.jp/searchbyimage?image_url=http://marproject.org/image/PIA00002.tif_2333_1738_46_46.jpg
image/PIA00002.tif_2358_1787_34_34.jpg,https://www.google.co.jp/searchbyimage?image_url=http://marproject.org/image/PIA00002.tif_2358_1787_34_34.jpg
image/PIA00002.tif_2443_4799_26_26.jpg,https://www.google.co.jp/searchbyimage?image_url=http://marproject.org/image/PIA00002.tif_2443_4799_26_26.jpg
image/PIA00002.tif_2530_2543_33_33.jpg,https://www.google.co.jp/searchbyimage?image_url=http://marproject.org/image/PIA00002.tif_2530_2543_33_33.jpg
image/PIA00002.tif_2699_2685_32_32.jpg,https://www.google.co.jp/searchbyimage?image_url=http://marproject.org/image/PIA00002.tif_2699_2685_32_32.jpg
image/PIA00002.tif_2707_4788_25_25.jpg,https://www.google.co.jp/searchbyimage?image_url=http://marproject.org/image/PIA00002.tif_2707_4788_25_25.jpg
image/PIA00002.tif_2781_7205_26_26.jpg,https://www.google.co.jp/searchbyimage?image_url=http://marproject.org/image/PIA00002.tif_2781_7205_26_26.jpg
image/PIA00002.tif_2838_644_48_48.jpg,https://www.google.co.jp/searchbyimage?image_url=http://marproject.org/image/PIA00002.tif_2838_644_48_48.jpg
image/PIA00002.tif_2851_4194_29_29.jpg,https://www.google.co.jp/searchbyimage?image_url=http://marproject.org/image/PIA00002.tif_2851_4194_29_29.jpg
image/PIA00002.tif_2854_629_27_27.jpg,https://www.google.co.jp/searchbyimage?image_url=http://marproject.org/image/PIA00002.tif_2854_629_27_27.jpg
image/PIA00002.tif_2909_2697_26_26.jpg,https://www.google.co.jp/searchbyimage?image_url=http://marproject.org/image/PIA00002.tif_2909_2697_26_26.jpg
image/PIA00002.tif_2937_2145_26_26.jpg,https://www.google.co.jp/searchbyimage?image_url=http://marproject.org/image/PIA00002.tif_2937_2145_26_26.jpg
image/PIA00002.tif_3048_4638_29_29.jpg,https://www.google.co.jp/searchbyimage?image_url=http://marproject.org/image/PIA00002.tif_3048_4638_29_29.jpg
image/PIA00002.tif_3059_2832_26_26.jpg,https://www.google.co.jp/searchbyimage?image_url=http://marproject.org/image/PIA00002.tif_3059_2832_26_26.jpg
image/PIA00002.tif_3083_6532_24_24.jpg,https://www.google.co.jp/searchbyimage?image_url=http://marproject.org/image/PIA00002.tif_3083_6532_24_24.jpg
image/PIA00002.tif_3114_877_72_72.jpg,https://www.google.co.jp/searchbyimage?image_url=http://marproject.org/image/PIA00002.tif_3114_877_72_72.jpg
image/PIA00002.tif_3240_4043_28_28.jpg,https://www.google.co.jp/searchbyimage?image_url=http://marproject.org/image/PIA00002.tif_3240_4043_28_28.jpg
image/PIA00002.tif_3297_2317_36_36.jpg,https://www.google.co.jp/searchbyimage?image_url=http://marproject.org/image/PIA00002.tif_3297_2317_36_36.jpg
image/PIA00002.tif_3360_1657_52_52.jpg,https://www.google.co.jp/searchbyimage?image_url=http://marproject.org/image/PIA00002.tif_3360_1657_52_52.jpg
image/PIA00002.tif_3373_5849_34_34.jpg,https://www.google.co.jp/searchbyimage?image_url=http://marproject.org/image/PIA00002.tif_3373_5849_34_34.jpg
image/PIA00002.tif_3399_957_289_289.jpg,https://www.google.co.jp/searchbyimage?image_url=http://marproject.org/image/PIA00002.tif_3399_957_289_289.jpg
image/PIA00002.tif_3433_3396_36_36.jpg,https://www.google.co.jp/searchbyimage?image_url=http://marproject.org/image/PIA00002.tif_3433_3396_36_36.jpg
image/PIA00002.tif_3449_6982_32_32.jpg,https://www.google.co.jp/searchbyimage?image_url=http://marproject.org/image/PIA00002.tif_3449_6982_32_32.jpg
image/PIA00002.tif_3456_4557_38_38.jpg,https://www.google.co.jp/searchbyimage?image_url=http://marproject.org/image/PIA00002.tif_3456_4557_38_38.jpg
image/PIA00002.tif_3570_531_36_36.jpg,https://www.google.co.jp/searchbyimage?image_url=http://marproject.org/image/PIA00002.tif_3570_531_36_36.jpg
image/PIA00002.tif_3580_4655_29_29.jpg,https://www.google.co.jp/searchbyimage?image_url=http://marproject.org/image/PIA00002.tif_3580_4655_29_29.jpg
image/PIA00002.tif_4017_5277_26_26.jpg,https://www.google.co.jp/searchbyimage?image_url=http://marproject.org/image/PIA00002.tif_4017_5277_26_26.jpg
image/PIA00002.tif_4057_2160_43_43.jpg,https://www.google.co.jp/searchbyimage?image_url=http://marproject.org/image/PIA00002.tif_4057_2160_43_43.jpg
image/PIA00002.tif_4160_3639_36_36.jpg,https://www.google.co.jp/searchbyimage?image_url=http://marproject.org/image/PIA00002.tif_4160_3639_36_36.jpg
image/PIA00002.tif_4306_5376_32_32.jpg,https://www.google.co.jp/searchbyimage?image_url=http://marproject.org/image/PIA00002.tif_4306_5376_32_32.jpg
image/PIA00002.tif_4307_5082_29_29.jpg,https://www.google.co.jp/searchbyimage?image_url=http://marproject.org/image/PIA00002.tif_4307_5082_29_29.jpg
image/PIA00002.tif_4329_5146_30_30.jpg,https://www.google.co.jp/searchbyimage?image_url=http://marproject.org/image/PIA00002.tif_4329_5146_30_30.jpg
image/PIA00002.tif_4456_5415_41_41.jpg,https://www.google.co.jp/searchbyimage?image_url=http://marproject.org/image/PIA00002.tif_4456_5415_41_41.jpg
image/PIA00002.tif_4562_4973_29_29.jpg,https://www.google.co.jp/searchbyimage?image_url=http://marproject.org/image/PIA00002.tif_4562_4973_29_29.jpg
image/PIA00002.tif_4718_1389_29_29.jpg,https://www.google.co.jp/searchbyimage?image_url=http://marproject.org/image/PIA00002.tif_4718_1389_29_29.jpg
image/PIA00002.tif_4767_4698_45_45.jpg,https://www.google.co.jp/searchbyimage?image_url=http://marproject.org/image/PIA00002.tif_4767_4698_45_45.jpg
image/PIA00002.tif_4804_3041_36_36.jpg,https://www.google.co.jp/searchbyimage?image_url=http://marproject.org/image/PIA00002.tif_4804_3041_36_36.jpg
image/PIA00002.tif_4830_1377_43_43.jpg,https://www.google.co.jp/searchbyimage?image_url=http://marproject.org/image/PIA00002.tif_4830_1377_43_43.jpg
image/PIA00002.tif_4891_1734_38_38.jpg,https://www.google.co.jp/searchbyimage?image_url=http://marproject.org/image/PIA00002.tif_4891_1734_38_38.jpg
image/PIA00002.tif_5015_3019_29_29.jpg,https://www.google.co.jp/searchbyimage?image_url=http://marproject.org/image/PIA00002.tif_5015_3019_29_29.jpg
image/PIA00002.tif_5041_3050_29_29.jpg,https://www.google.co.jp/searchbyimage?image_url=http://marproject.org/image/PIA00002.tif_5041_3050_29_29.jpg
image/PIA00002.tif_5041_5159_26_26.jpg,https://www.google.co.jp/searchbyimage?image_url=http://marproject.org/image/PIA00002.tif_5041_5159_26_26.jpg
image/PIA00002.tif_5070_3673_64_64.jpg,https://www.google.co.jp/searchbyimage?image_url=http://marproject.org/image/PIA00002.tif_5070_3673_64_64.jpg
image/PIA00002.tif_5211_3998_64_64.jpg,https://www.google.co.jp/searchbyimage?image_url=http://marproject.org/image/PIA00002.tif_5211_3998_64_64.jpg
image/PIA00002.tif_5416_2765_29_29.jpg,https://www.google.co.jp/searchbyimage?image_url=http://marproject.org/image/PIA00002.tif_5416_2765_29_29.jpg
image/PIA00002.tif_5428_1294_34_34.jpg,https://www.google.co.jp/searchbyimage?image_url=http://marproject.org/image/PIA00002.tif_5428_1294_34_34.jpg
image/PIA00002.tif_5564_2260_32_32.jpg,https://www.google.co.jp/searchbyimage?image_url=http://marproject.org/image/PIA00002.tif_5564_2260_32_32.jpg
image/PIA00002.tif_5576_4034_34_34.jpg,https://www.google.co.jp/searchbyimage?image_url=http://marproject.org/image/PIA00002.tif_5576_4034_34_34.jpg
image/PIA00002.tif_559_5286_24_24.jpg,https://www.google.co.jp/searchbyimage?image_url=http://marproject.org/image/PIA00002.tif_559_5286_24_24.jpg
image/PIA00002.tif_5638_2961_29_29.jpg,https://www.google.co.jp/searchbyimage?image_url=http://marproject.org/image/PIA00002.tif_5638_2961_29_29.jpg
image/PIA00002.tif_5645_3126_45_45.jpg,https://www.google.co.jp/searchbyimage?image_url=http://marproject.org/image/PIA00002.tif_5645_3126_45_45.jpg
image/PIA00002.tif_5881_1229_26_26.jpg,https://www.google.co.jp/searchbyimage?image_url=http://marproject.org/image/PIA00002.tif_5881_1229_26_26.jpg
image/PIA00002.tif_6043_1870_28_28.jpg,https://www.google.co.jp/searchbyimage?image_url=http://marproject.org/image/PIA00002.tif_6043_1870_28_28.jpg
image/PIA00002.tif_6085_3042_36_36.jpg,https://www.google.co.jp/searchbyimage?image_url=http://marproject.org/image/PIA00002.tif_6085_3042_36_36.jpg
image/PIA00002.tif_6125_2626_81_81.jpg,https://www.google.co.jp/searchbyimage?image_url=http://marproject.org/image/PIA00002.tif_6125_2626_81_81.jpg
image/PIA00002.tif_6126_2505_34_34.jpg,https://www.google.co.jp/searchbyimage?image_url=http://marproject.org/image/PIA00002.tif_6126_2505_34_34.jpg
image/PIA00002.tif_6161_1751_32_32.jpg,https://www.google.co.jp/searchbyimage?image_url=http://marproject.org/image/PIA00002.tif_6161_1751_32_32.jpg
image/PIA00002.tif_6406_1437_41_41.jpg,https://www.google.co.jp/searchbyimage?image_url=http://marproject.org/image/PIA00002.tif_6406_1437_41_41.jpg
image/PIA00002.tif_6442_2448_97_97.jpg,https://www.google.co.jp/searchbyimage?image_url=http://marproject.org/image/PIA00002.tif_6442_2448_97_97.jpg
image/PIA00002.tif_6511_2340_45_45.jpg,https://www.google.co.jp/searchbyimage?image_url=http://marproject.org/image/PIA00002.tif_6511_2340_45_45.jpg
image/PIA00002.tif_6533_1524_43_43.jpg,https://www.google.co.jp/searchbyimage?image_url=http://marproject.org/image/PIA00002.tif_6533_1524_43_43.jpg
image/PIA00002.tif_6595_3364_35_35.jpg,https://www.google.co.jp/searchbyimage?image_url=http://marproject.org/image/PIA00002.tif_6595_3364_35_35.jpg
image/PIA00002.tif_6655_3397_43_43.jpg,https://www.google.co.jp/searchbyimage?image_url=http://marproject.org/image/PIA00002.tif_6655_3397_43_43.jpg
image/PIA00002.tif_6737_5784_25_25.jpg,https://www.google.co.jp/searchbyimage?image_url=http://marproject.org/image/PIA00002.tif_6737_5784_25_25.jpg
image/PIA00002.tif_6764_4418_85_85.jpg,https://www.google.co.jp/searchbyimage?image_url=http://marproject.org/image/PIA00002.tif_6764_4418_85_85.jpg
image/PIA00002.tif_7120_3279_29_29.jpg,https://www.google.co.jp/searchbyimage?image_url=http://marproject.org/image/PIA00002.tif_7120_3279_29_29.jpg
image/PIA00002.tif_7265_3345_64_64.jpg,https://www.google.co.jp/searchbyimage?image_url=http://marproject.org/image/PIA00002.tif_7265_3345_64_64.jpg
image/PIA00002.tif_7374_3270_47_47.jpg,https://www.google.co.jp/searchbyimage?image_url=http://marproject.org/image/PIA00002.tif_7374_3270_47_47.jpg
image/PIA00002.tif_7404_3757_204_204.jpg,https://www.google.co.jp/searchbyimage?image_url=http://marproject.org/image/PIA00002.tif_7404_3757_204_204.jpg
image/SP_Mosaic.tif_1055_3917_261_261.jpg,https://www.google.co.jp/searchbyimage?image_url=http://marproject.org/image/SP_Mosaic.tif_1055_3917_261_261.jpg
image/SP_Mosaic.tif_1215_3721_93_93.jpg,https://www.google.co.jp/searchbyimage?image_url=http://marproject.org/image/SP_Mosaic.tif_1215_3721_93_93.jpg
image/SP_Mosaic.tif_1296_2788_54_54.jpg,https://www.google.co.jp/searchbyimage?image_url=http://marproject.org/image/SP_Mosaic.tif_1296_2788_54_54.jpg
image/SP_Mosaic.tif_1331_568_78_78.jpg,https://www.google.co.jp/searchbyimage?image_url=http://marproject.org/image/SP_Mosaic.tif_1331_568_78_78.jpg
image/SP_Mosaic.tif_1336_1178_47_47.jpg,https://www.google.co.jp/searchbyimage?image_url=http://marproject.org/image/SP_Mosaic.tif_1336_1178_47_47.jpg
image/SP_Mosaic.tif_1446_4269_54_54.jpg,https://www.google.co.jp/searchbyimage?image_url=http://marproject.org/image/SP_Mosaic.tif_1446_4269_54_54.jpg
image/SP_Mosaic.tif_1480_4552_62_62.jpg,https://www.google.co.jp/searchbyimage?image_url=http://marproject.org/image/SP_Mosaic.tif_1480_4552_62_62.jpg
image/SP_Mosaic.tif_157_4003_64_64.jpg,https://www.google.co.jp/searchbyimage?image_url=http://marproject.org/image/SP_Mosaic.tif_157_4003_64_64.jpg
image/SP_Mosaic.tif_1601_1025_52_52.jpg,https://www.google.co.jp/searchbyimage?image_url=http://marproject.org/image/SP_Mosaic.tif_1601_1025_52_52.jpg
image/SP_Mosaic.tif_1648_912_70_70.jpg,https://www.google.co.jp/searchbyimage?image_url=http://marproject.org/image/SP_Mosaic.tif_1648_912_70_70.jpg
image/SP_Mosaic.tif_1659_4814_52_52.jpg,https://www.google.co.jp/searchbyimage?image_url=http://marproject.org/image/SP_Mosaic.tif_1659_4814_52_52.jpg
image/SP_Mosaic.tif_1706_1141_64_64.jpg,https://www.google.co.jp/searchbyimage?image_url=http://marproject.org/image/SP_Mosaic.tif_1706_1141_64_64.jpg
image/SP_Mosaic.tif_1805_4028_43_43.jpg,https://www.google.co.jp/searchbyimage?image_url=http://marproject.org/image/SP_Mosaic.tif_1805_4028_43_43.jpg
image/SP_Mosaic.tif_2051_5627_182_182.jpg,https://www.google.co.jp/searchbyimage?image_url=http://marproject.org/image/SP_Mosaic.tif_2051_5627_182_182.jpg
image/SP_Mosaic.tif_2387_2031_46_46.jpg,https://www.google.co.jp/searchbyimage?image_url=http://marproject.org/image/SP_Mosaic.tif_2387_2031_46_46.jpg
image/SP_Mosaic.tif_2424_1995_56_56.jpg,https://www.google.co.jp/searchbyimage?image_url=http://marproject.org/image/SP_Mosaic.tif_2424_1995_56_56.jpg
image/SP_Mosaic.tif_2433_1824_46_46.jpg,https://www.google.co.jp/searchbyimage?image_url=http://marproject.org/image/SP_Mosaic.tif_2433_1824_46_46.jpg
image/SP_Mosaic.tif_2521_1983_46_46.jpg,https://www.google.co.jp/searchbyimage?image_url=http://marproject.org/image/SP_Mosaic.tif_2521_1983_46_46.jpg
image/SP_Mosaic.tif_2529_1099_46_46.jpg,https://www.google.co.jp/searchbyimage?image_url=http://marproject.org/image/SP_Mosaic.tif_2529_1099_46_46.jpg
image/SP_Mosaic.tif_2539_977_424_424.jpg,https://www.google.co.jp/searchbyimage?image_url=http://marproject.org/image/SP_Mosaic.tif_2539_977_424_424.jpg
image/SP_Mosaic.tif_2590_98_67_67.jpg,https://www.google.co.jp/searchbyimage?image_url=http://marproject.org/image/SP_Mosaic.tif_2590_98_67_67.jpg
image/SP_Mosaic.tif_2594_1926_77_77.jpg,https://www.google.co.jp/searchbyimage?image_url=http://marproject.org/image/SP_Mosaic.tif_2594_1926_77_77.jpg
image/SP_Mosaic.tif_283_4300_73_73.jpg,https://www.google.co.jp/searchbyimage?image_url=http://marproject.org/image/SP_Mosaic.tif_283_4300_73_73.jpg
image/SP_Mosaic.tif_295_4334_60_60.jpg,https://www.google.co.jp/searchbyimage?image_url=http://marproject.org/image/SP_Mosaic.tif_295_4334_60_60.jpg
image/SP_Mosaic.tif_3200_3794_74_74.jpg,https://www.google.co.jp/searchbyimage?image_url=http://marproject.org/image/SP_Mosaic.tif_3200_3794_74_74.jpg
image/SP_Mosaic.tif_3213_3646_64_64.jpg,https://www.google.co.jp/searchbyimage?image_url=http://marproject.org/image/SP_Mosaic.tif_3213_3646_64_64.jpg
image/SP_Mosaic.tif_3438_4129_67_67.jpg,https://www.google.co.jp/searchbyimage?image_url=http://marproject.org/image/SP_Mosaic.tif_3438_4129_67_67.jpg
image/SP_Mosaic.tif_3521_3515_157_157.jpg,https://www.google.co.jp/searchbyimage?image_url=http://marproject.org/image/SP_Mosaic.tif_3521_3515_157_157.jpg
image/SP_Mosaic.tif_3522_5461_186_186.jpg,https://www.google.co.jp/searchbyimage?image_url=http://marproject.org/image/SP_Mosaic.tif_3522_5461_186_186.jpg
image/SP_Mosaic.tif_3531_4025_64_64.jpg,https://www.google.co.jp/searchbyimage?image_url=http://marproject.org/image/SP_Mosaic.tif_3531_4025_64_64.jpg
image/SP_Mosaic.tif_3984_2540_59_59.jpg,https://www.google.co.jp/searchbyimage?image_url=http://marproject.org/image/SP_Mosaic.tif_3984_2540_59_59.jpg
image/SP_Mosaic.tif_4091_5743_127_127.jpg,https://www.google.co.jp/searchbyimage?image_url=http://marproject.org/image/SP_Mosaic.tif_4091_5743_127_127.jpg
image/SP_Mosaic.tif_4377_5294_136_136.jpg,https://www.google.co.jp/searchbyimage?image_url=http://marproject.org/image/SP_Mosaic.tif_4377_5294_136_136.jpg
image/SP_Mosaic.tif_4450_5150_57_57.jpg,https://www.google.co.jp/searchbyimage?image_url=http://marproject.org/image/SP_Mosaic.tif_4450_5150_57_57.jpg
image/SP_Mosaic.tif_4752_4831_50_50.jpg,https://www.google.co.jp/searchbyimage?image_url=http://marproject.org/image/SP_Mosaic.tif_4752_4831_50_50.jpg
image/SP_Mosaic.tif_4753_846_90_90.jpg,https://www.google.co.jp/searchbyimage?image_url=http://marproject.org/image/SP_Mosaic.tif_4753_846_90_90.jpg
image/SP_Mosaic.tif_483_2456_55_55.jpg,https://www.google.co.jp/searchbyimage?image_url=http://marproject.org/image/SP_Mosaic.tif_483_2456_55_55.jpg
image/SP_Mosaic.tif_498_3994_160_160.jpg,https://www.google.co.jp/searchbyimage?image_url=http://marproject.org/image/SP_Mosaic.tif_498_3994_160_160.jpg
image/SP_Mosaic.tif_5011_3356_114_114.jpg,https://www.google.co.jp/searchbyimage?image_url=http://marproject.org/image/SP_Mosaic.tif_5011_3356_114_114.jpg
image/SP_Mosaic.tif_501_3912_115_115.jpg,https://www.google.co.jp/searchbyimage?image_url=http://marproject.org/image/SP_Mosaic.tif_501_3912_115_115.jpg
image/SP_Mosaic.tif_5036_2139_175_175.jpg,https://www.google.co.jp/searchbyimage?image_url=http://marproject.org/image/SP_Mosaic.tif_5036_2139_175_175.jpg
image/SP_Mosaic.tif_5208_4060_68_68.jpg,https://www.google.co.jp/searchbyimage?image_url=http://marproject.org/image/SP_Mosaic.tif_5208_4060_68_68.jpg
image/SP_Mosaic.tif_5220_3997_46_46.jpg,https://www.google.co.jp/searchbyimage?image_url=http://marproject.org/image/SP_Mosaic.tif_5220_3997_46_46.jpg
image/SP_Mosaic.tif_5555_1992_67_67.jpg,https://www.google.co.jp/searchbyimage?image_url=http://marproject.org/image/SP_Mosaic.tif_5555_1992_67_67.jpg
image/SP_Mosaic.tif_593_1593_53_53.jpg,https://www.google.co.jp/searchbyimage?image_url=http://marproject.org/image/SP_Mosaic.tif_593_1593_53_53.jpg
image/SP_Mosaic.tif_5941_3684_64_64.jpg,https://www.google.co.jp/searchbyimage?image_url=http://marproject.org/image/SP_Mosaic.tif_5941_3684_64_64.jpg
image/SP_Mosaic.tif_618_3047_157_157.jpg,https://www.google.co.jp/searchbyimage?image_url=http://marproject.org/image/SP_Mosaic.tif_618_3047_157_157.jpg
image/SP_Mosaic.tif_653_4749_288_288.jpg,https://www.google.co.jp/searchbyimage?image_url=http://marproject.org/image/SP_Mosaic.tif_653_4749_288_288.jpg
image/SP_Mosaic.tif_808_3443_86_86.jpg,https://www.google.co.jp/searchbyimage?image_url=http://marproject.org/image/SP_Mosaic.tif_808_3443_86_86.jpg
image/SP_Mosaic.tif_842_3276_48_48.jpg,https://www.google.co.jp/searchbyimage?image_url=http://marproject.org/image/SP_Mosaic.tif_842_3276_48_48.jpg

